<?xml version="1.0" encoding="UTF-8" standalone="yes"?>
<addon id="plugin.video.lordfire" name="lordfire" version="1.0.0" provider-name="lordfire">
  <requires>
    <import addon="xbmc.python" version="2.1.0"/>
  </requires>
  <extension point="xbmc.python.pluginsource" library="addon.py">
    <provides>video</provides>
  </extension>
  <extension point="xbmc.addon.metadata">
    <summary lang="en">follow me lordfire</summary>
    <description lang="en">a streaming platform</description>
    <disclaimer lang="en">Use it at your own risk.</disclaimer>
    <language>en</language>
    <platform>all</platform>
    <license>MIT</license>
    <forum></forum>
    <source></source>
  </extension>
</addon>
